speaker,timestamp,End Time,words
Sam Schrager:,00:00:00:00,00:00:23:15,"This interview with Frank Herzog was recorded at his home in Harvard on July 18th, 1975. The interviewer was Sam Schrager. The poor sound quality on side A of this tape was corrected for the remainder of the interview."
Frank Herzog:,00:00:23:17,00:00:28:09,What?
Frank Herzog:,00:00:28:12,00:00:35:16,Oh.
Frank Herzog:,00:00:35:19,00:00:41:20,No. I don't know what you really wanna know about that.
Sam Schrager:,00:00:41:22,00:00:46:03,"Well, where did you track? Mostly. Where?"
Frank Herzog:,00:00:46:05,00:00:52:11,"Right, right. Okay. Not hard, but."
Frank Herzog:,00:00:52:13,00:01:11:29,We tracked muskrat and the file. I didn't know that the. the fact that they come out for good.
Frank Herzog:,00:01:12:01,00:01:36:29,"Or last, but that my father tracked there all the time. I was here burning the. Last year, my brother and I was going to school here, along with a program that be proud of."
Frank Herzog:,00:01:37:01,00:02:17:05,"That year they paid $10 bounty. The their. we had. Four. Right. And then one year old had to bear. we got it in, spring. we figured that if you to keep the bounty on them. So then we the first draft, you've got them in the spring when the fur was good. See?"
Frank Herzog:,00:02:17:08,00:02:22:09,But then you broke. Bad deal.
Sam Schrager:,00:02:22:11,00:02:30:21,"Oh, a hundred bucks. Sounds like, 100 bucks. Sounds like a lot of money, then, For scoop kids, any."
Frank Herzog:,00:02:30:27,00:02:36:25,He was.
Frank Herzog:,00:02:36:28,00:02:44:08,"You know, we didn't want to track him on the first."
Frank Herzog:,00:02:44:11,00:02:57:09,"Well, number of the killings stock, I guess, in places I'd never eaten. They put bounty."
Unknown,00:02:57:12,00:03:06:27,"You know, with a head of."
Unknown,00:03:07:07,00:03:11:05,I don't know.
Frank Herzog:,00:03:11:08,00:03:28:10,If you were in there. But it's really the way the game commission could take a coyote from up there to kill all the deer. And now.
Frank Herzog:,00:03:28:12,00:03:44:18,"I'm had brains enough to know what. Just like they. They. I investigate this, and I found out that I think they."
Frank Herzog:,00:03:44:21,00:04:02:00,"This year they found 14 or 14 elk has been killed and then buried them for 12. And they found the same thing, right? You."
Frank Herzog:,00:04:02:02,00:04:21:14,Why? And what is a bear? Like on a run to fit me?
Frank Herzog:,00:04:21:16,00:04:30:22,"Oh, well, at that time, you know, the was but the heart. There was no."
Frank Herzog:,00:04:30:25,00:05:00:13,"More correct. Through through anything like that. Everything was fine. So then guns recovered and then, you know, would be a lot of them over to get to the war era and get rid of them. When get them and take them out the woods and kill you. And for Kyle, they."
Frank Herzog:,00:05:00:16,00:05:10:01,And right wait for the coyotes. Got more number.
Frank Herzog:,00:05:10:04,00:05:22:12,You know a lot. Magpies buzzing. I used to call them turkey buzzard.
Frank Herzog:,00:05:22:14,00:05:38:04,And we couldn't say to track folks. what you can see. Did you get named Pine and the firm up the trails from the name to it? And it may look like a minute.
Unknown,00:05:38:05,00:05:43:01,In the tree.
Frank Herzog:,00:05:43:03,00:05:51:10,"Oh, record. I own five, and I was."
Frank Herzog:,00:05:51:12,00:06:26:08,"And the towns. And in the winter time, I wait until they got the word in or grew it. And then. And it started snowing real hard. Go. You said you trapped in the trail and brush. You know you got the back of you birds out to try to push a free and, snow. Cover the thing up natural."
Frank Herzog:,00:06:26:09,00:06:32:20,"And the next morning, you. There's a lot of."
Sam Schrager:,00:06:32:23,00:06:37:18,When you see the trail. You mean a walking trail or animal trail.
Frank Herzog:,00:06:37:21,00:06:49:14,"And I to me, you take your horse out into it. You put it all the way through on the 33 and 34."
Frank Herzog:,00:06:49:16,00:06:55:13,Crisscross.
Sam Schrager:,00:06:55:15,00:07:04:04,"I always had the idea the coyotes, or at least some of them are pretty wily, pretty smart animals. Is that truth?"
Frank Herzog:,00:07:04:04,00:07:26:01,"You think there really is? After you draft more while. All right, now. I could go out and trap coyotes that haven't been trap see around here for years. I could go out and catch them right near."
Frank Herzog:,00:07:26:03,00:07:57:02,"But. After a bit, when they seen those other tiles, you know, trap. And then they get wise. Dirty fox. Yeah. I've had I had a threat set in the snow in the trail. I had the coyote walk up to the pack and, you know. But see, there's no need to go around."
Frank Herzog:,00:07:57:04,00:08:28:26,"But when you set a trap, if you had the set, naturally you and. You dig a hole in the ground and set to trap them. So level would be trail covered with whatever is around there. So I know sure. And. You got to know. Not through. It doesn't. You're not going to get no coyote."
Frank Herzog:,00:08:28:29,00:08:59:07,And then other stuff. Okay. But. And then the trail. Where they go down and the drawn up. You set the trap on the inside and catch a moon? No coming in. If the going up that you know I'm the trail manager. Try to get the nose to the ground.
Frank Herzog:,00:08:59:09,00:09:10:01,The.
Sam Schrager:,00:09:10:03,00:09:15:22,Lose bait in with what? What would you bait the traps.
Frank Herzog:,00:09:15:25,00:10:01:22,"You know, a trail set, maybe. And they didn't. Because you can. You can use fan and go to try to. Good in the creeks and fish for the man in the bottle. And up in the third row. And, you know, knock it out when you know the coyote in that. Yeah, but he couldn't have."
Frank Herzog:,00:10:03:01,00:10:14:13,no affair or you or anything. You can or something. Just roll. And what made the you come.
Unknown,00:10:14:14,00:10:20:15,In the whole point?
Unknown,00:10:20:17,00:10:26:05,Over.
Frank Herzog:,00:10:26:08,00:10:59:08,"On the that in there to them and then a rat and all that friendly. And you can put a few in a sack and, and or whatever trap we may trout hang them up in the tree, you know, up to a mile and move from right to it. I read that where it was grass. And then we went."
Frank Herzog:,00:10:59:12,00:11:20:16,We set a trap. We used a piece of old or meat or. And a little honey. And other than. That and they can.
Frank Herzog:,00:11:20:18,00:12:03:18,"Only find a brush file or something. And where they can part in a V-shaped, you know, and the world is, are some and and but the can't and then that. And never end but one that was hard to track. He'd come up and work for under the trap and set it up on the side. When they and, drive the second time he did it live, I took one trap up."
Frank Herzog:,00:12:03:21,00:12:34:06,The next trap ahead said I took it up and brought it back. And I. Set one trap real good so he couldn't see it with this knife. And the other one. I said it right in front of it and said it so he could see it. He'd see it with the track back. Nobody comes up with this one up there.
Frank Herzog:,00:12:34:09,00:12:38:24,There's no. And find the right legs.
Frank Herzog:,00:12:38:27,00:12:39:18,You.
Frank Herzog:,00:12:39:21,00:12:48:29,"Know, through that. And he had two dogs off. He'd been tracked before."
Frank Herzog:,00:12:49:02,00:13:28:06,"Somebody had caught him and. Probably set the trap for all. We just stick sharp sticks up around them. The track. I put the foot, I wouldn't step on them. Sharp sticks them. A nice, smooth life. That we are. Yeah. It's a trap. Is that right? The big trigger hook goes over the John. Okay. And then meet the pan."
Frank Herzog:,00:13:28:08,00:13:50:16,And you both turn that around the opposite direction. So. And he comes in here and he gets on that trigger. Throw it further up there. He never. Then that's what somebody said. Track that right through. He's further. It got to go.
Frank Herzog:,00:13:50:19,00:14:04:08,The other way. All it is is the John the pan and. He found the.
Frank Herzog:,00:14:04:11,00:14:09:16,"You know, we had the."
Frank Herzog:,00:14:09:18,00:14:46:23,"Edge right. They say come here. The bear people say that they not know what they're talking about. And the the red yellow dog part, part in the. And he said, the good, the bad lord, he does not know in front of me or go in the fact he can go right around there and the trap and this, this we got there."
Frank Herzog:,00:14:46:25,00:15:20:23,"Is an open hillside. You got loose. That's the club we always first. And the, three that big around probably ten, 12ft long. But the Catherine but long for. So you can follow that way to come. Somebody get. Oh, no. Yeah. This there got that fog. You can put down that open hillside. No. You did see where the black the other three go."
Frank Herzog:,00:15:20:23,00:15:47:05,"Right where that trap. I'm one from the foot. You run that there. And then move. And then climb a tree. I'm up, up three and be up there on the limb with that. Neat. Correct. but put in that farm now."
Sam Schrager:,00:15:47:08,00:15:58:02,"And, you got the trap chain down there, don't you? How do you how do they get the how they get the trap out to move way?"
Frank Herzog:,00:15:58:05,00:16:13:26,"I don't know, I didn't see you climb it, but the I don't know is you put it in the,"
Frank Herzog:,00:16:17:03,00:16:25:27,And there or very.
Frank Herzog:,00:16:25:29,00:16:50:11,"Hot mud. and it kind of go in one direction. And that there. I've had them run that fog around the tree like that. And they can come around this way, come back around this point. We got those right? No, they right there or you go that way."
Unknown,00:16:50:13,00:16:54:07,Or we think the home.
Sam Schrager:,00:16:54:09,00:17:05:09,Did you wait. Did you change the trap like around the tree. Did you put was there a chain on the trap to hold it there so we couldn't move?
Frank Herzog:,00:17:05:12,00:17:34:21,"Well and do and you that probably as you folks know for you and they they didn't said there wasn't where you had your trap set. You just ruined everything. Tear it all down. All right. You put a clog on and get in here, take off and kill him and bring your trap back and said."
Frank Herzog:,00:17:34:24,00:17:47:13,"Okay, you know what I do? That they come. No. Are you talking about the chain that they came in on their trap?"
Frank Herzog:,00:17:47:15,00:17:59:26,Three feet came where this horrible and that another that big around.
Frank Herzog:,00:17:59:28,00:18:21:02,And put it on the three of you. You can't put that ring over it. Let three in. Right in a big way. We can't get very impactful over. The main on that one. So they won't come another.
Sam Schrager:,00:18:28:10,00:18:35:27,How often would you check the traps? Those bear traps every day.
Frank Herzog:,00:18:36:21,00:18:46:08,"oh. The is in fact, they're never going to shoot one right there. You."
Frank Herzog:,00:18:46:10,00:18:53:24,If you come in at three cornered.
Frank Herzog:,00:18:53:27,00:19:03:13,By the somebody out that had the time to go and look at them like.
Frank Herzog:,00:19:03:16,00:19:26:25,Kill them every Tuesday and then. When coyote to your clothes. We make muskrat traps. Check every day.
Sam Schrager:,00:19:26:27,00:19:41:09,"What would one of those bears if he'd been in a trap for a few days? When you got out there to him, would he still be, alive and mad? Yeah."
Frank Herzog:,00:19:41:11,00:19:46:02,"I remember the year, and."
Sam Schrager:,00:19:46:04,00:19:52:09,I read they. Would they be furious? Would they be mad?
Frank Herzog:,00:19:52:11,00:20:25:19,"Some. But the most, all I think about. Yeah. What? We caught one, and he hung up beside him, and the yellow, you know, find more info that they did not know, but that there are, there are. And mad he grabbed in the nuts and. Right. You got a lot of you done that. Yeah. No. The people have."
Frank Herzog:,00:20:25:21,00:20:35:04,Burned in for.
Frank Herzog:,00:20:35:23,00:21:21:12,"for all I need. I need that bear. You never carry the gun. You had that, like, for, like, a pack it carrying the club about and 12ft long and killing more than them over the head."
Frank Herzog:,00:21:21:14,00:21:29:06,"More, too. Very many deer in this country. That time."
Frank Herzog:,00:21:29:08,00:21:38:04,And it's up on you to see a deer.
Frank Herzog:,00:21:38:06,00:21:45:14,"Or it's a bunch of mule deer up on go. You know, we had fun and."
Unknown,00:21:45:16,00:21:56:29,"You know, and reform."
Unknown,00:21:57:01,00:21:57:19,And was.
Frank Herzog:,00:21:57:21,00:22:01:05,No season.
Frank Herzog:,00:22:01:07,00:22:03:26,"And, oh."
Frank Herzog:,00:22:03:29,00:22:08:25,To see.
Frank Herzog:,00:22:08:27,00:22:20:24,That that. I didn't that but I like.
Frank Herzog:,00:22:23:25,00:22:55:02,"There was quite a few people correct. Kyle. There. They kept them, you know, go and there wasn't. So think that now. And then Kyle to for the. Father in the name."
Sam Schrager:,00:22:55:04,00:23:08:00,"Did you have places that you set and reset the same bear trap? Was there special places where you you picked out for, or would you move them around."
Frank Herzog:,00:23:08:02,00:23:24:11,For them but in the same place? Nothing bothered me.
Frank Herzog:,00:23:24:13,00:23:30:05,"You see, it?"
Frank Herzog:,00:23:30:07,00:23:39:21,There. Traveled around to the country.
Frank Herzog:,00:23:40:13,00:24:22:00,"every so often I got a tree that the mark and then it by a road bond. Every bear comes along. Or that. And the device to that. You can follow it, to record sets and tracks from that row fit for."
Frank Herzog:,00:24:22:02,00:24:54:13,"I saw up here on Hudson the Vine. Or there was a bear. the tree was all marked up for the band, Mark. And that right there was one. And read that. You know, I'd take three tall, and I had to reach up by that and touch it where he didn't. So that never did come of tree. I know in time to find."
Frank Herzog:,00:24:54:16,00:25:07:27,But because of all of that. The help they gave me was.
Frank Herzog:,00:25:08:20,00:25:19:13,"another thing they do here. Every once in a while, somebody around the country, you know, walk."
Sam Schrager:,00:25:19:15,00:25:23:11,"Away. You know, wolves in this country."
Frank Herzog:,00:25:23:14,00:25:36:20,And just that big overgrown. Oh. We caught one that many over five feet.
Frank Herzog:,00:25:36:29,00:26:02:23,"fell on it. You know, these fur houses, they used to have grades extra large, large, medium and small. And their. This used to be lot, and that the only high we ever got that we got extra large or."
Frank Herzog:,00:26:02:26,00:26:13:28,And big overgrown. I didn't like anything else.
Frank Herzog:,00:26:14:01,00:26:14:10,"So,"
Frank Herzog:,00:26:14:16,00:26:25:15,"You did a month. That was you. And they said, it was hanging up in the meat market. The."
Frank Herzog:,00:26:25:18,00:26:31:19,I said it right. 498.
Frank Herzog:,00:26:31:21,00:26:37:25,"And they looked at like, you know. They knew."
Frank Herzog:,00:26:37:25,00:26:41:05,But that.
Frank Herzog:,00:26:41:07,00:26:46:25,"You know, from dark brown."
Frank Herzog:,00:26:46:27,00:26:58:12,"And and everything is something like that, you know, and you do a three dog."
Sam Schrager:,00:26:58:14,00:27:04:27,How much trapping did you do when you were a kid?
Frank Herzog:,00:27:04:29,00:27:35:15,I regret it every winter when the first be.
Sam Schrager:,00:27:35:17,00:27:51:21,"Did you father teach you that? How you learned from your. From your father? Did he teach you boys how to do it? What did your father teach you boys? How to do it? Oh, yeah."
Sam Schrager:,00:27:51:24,00:27:53:12,The deer.
Frank Herzog:,00:27:53:15,00:27:57:00,In.
Frank Herzog:,00:27:58:08,00:28:23:24,trap. And then click experience. Who you trap? The more you learn it. Like anything you.
Frank Herzog:,00:28:23:27,00:28:32:16,I still got. Three married to. I was all for 35. No peace for.
Unknown,00:28:32:18,00:28:43:28,Me. I don't think you can. But now.
Frank Herzog:,00:28:44:00,00:28:57:10,"You know, I sold a whole bunch."
Frank Herzog:,00:28:58:29,00:29:12:20,"in fact, what? What good. that what? That bear."
Frank Herzog:,00:29:13:03,00:29:23:26,"Yard ornament. I hanging up on the fence. Yeah, right. So."
Sam Schrager:,00:29:23:29,00:29:36:12,Do you remember. Do you remember how old you were when you started going out with your father and looking at the traps?
Unknown,00:29:36:15,00:29:49:29,No other.
Frank Herzog:,00:29:50:16,00:30:08:07,"12, 14 years old. The year."
Sam Schrager:,00:30:08:10,00:30:17:22,"You think the the blood bothered at first, and then the animals being trap you that they get used to."
Unknown,00:30:17:24,00:30:23:13,You know what?
Unknown,00:30:23:16,00:30:27:05,That that.
Frank Herzog:,00:30:27:08,00:30:28:21,You said blood.
Sam Schrager:,00:30:28:24,00:30:35:10,"Yeah. Just when you. As a kid, I was thinking. And just a little kid going out and."
Frank Herzog:,00:30:35:12,00:31:01:29,From. I think I think the was one big problem. He couldn't be around. Were you butchering a hog or be in the. He had blood. You get the bigger out this.
Frank Herzog:,00:31:02:02,00:31:15:27,Year and.
Sam Schrager:,00:31:15:29,00:31:27:19,"Did you just leave the meat? Well, most of the time. Or, did the people want it? And the people eat the meat or just leave it? Yeah."
Frank Herzog:,00:31:27:22,00:31:51:17,"And, Or go to town. Go iron or sometime take the sirloin."
Frank Herzog:,00:31:51:19,00:32:28:04,Meat and the B eight. You.
Sam Schrager:,00:32:28:06,00:32:40:05,Did you say. Did you think there was much luck involved in that? In in trapping? Or was it just the skill with knowing where to put.
Frank Herzog:,00:32:40:07,00:32:52:28,No luck. Whatever. No skill or no experience.
Frank Herzog:,00:32:53:00,00:32:59:16,In.
Frank Herzog:,00:32:59:18,00:33:20:22,Luck. Very.
Frank Herzog:,00:33:20:24,00:33:27:14,Good. By trapping me.
Frank Herzog:,00:33:27:16,00:34:16:06,"No. No less. Saying he leave around that trap. And the more you know how to set that. The more made clear for the kids. And, move at set up. You know, if they didn't set right and if they can set. In the water that didn't freeze. And cover the trap of water so we don't go over your trap and also get in the water and splash your whole set with water and then kill."
Frank Herzog:,00:34:16:09,00:34:45:03,"And you keep and try to, well, with a full product like that. And so you go to a trap, bring over the well, take it down in the water so. And on guard in your water and get down in them. Trap roughly."
Frank Herzog:,00:34:45:05,00:34:55:16,Otherwise I may come to the front of.
Frank Herzog:,00:34:55:18,00:35:04:28,The the trap. Anyway. Time you could feel.
Sam Schrager:,00:35:05:01,00:35:10:09,Did you do good trap and make sure. Was there a lot of make or.
Frank Herzog:,00:35:10:09,00:35:16:08,"I wouldn't say a lot, but Lord, quite a few."
Frank Herzog:,00:35:16:11,00:35:35:11,The more you tried that either. Yes. And God first started it and wanted it quite a lot. And there was no beaver really? for.
Frank Herzog:,00:35:35:13,00:35:46:11,An old cat. Before we got.
Sam Schrager:,00:35:46:13,00:35:54:06,"Over. I say, there was there was guys in here trapping before the golden gold miners even came."
Frank Herzog:,00:35:54:08,00:36:03:09,Yeah.
Sam Schrager:,00:36:03:11,00:36:09:13,I suppose beaver was what they were looking for more than anything else. Yeah.
Frank Herzog:,00:36:09:16,00:36:15:28,"Oh, they had everything that goes with it."
Frank Herzog:,00:36:16:01,00:36:22:06,And clean out the beaver.
Frank Herzog:,00:36:22:08,00:36:54:24,"That's another thing in the game. Me from the rotten. Then they let the trappers go away. Back up in the crates and trap so beaver out. It should be that long. One down here doing damage with that. So I think. Way back in the hills and. I used to be quite a lot of beaver back up, you know."
Frank Herzog:,00:36:54:26,00:37:00:29,"But then getting them all, one down and what good."
Sam Schrager:,00:37:00:29,00:37:05:13,"Do the beavers do back there? You know, I."
Frank Herzog:,00:37:05:16,00:37:31:18,"Hold the water back from the summertime and, you know, open water, you know, and then of control. Pretty good food. The fish."
Frank Herzog:,00:37:31:20,00:37:46:22,All and and like that. Yeah. And there I work on the forest in that. And then up on the east for for the pot. But I.
Frank Herzog:,00:37:46:24,00:37:58:07,"Am the beaver and put in the dam and then for the trail, you know, frame."
Frank Herzog:,00:37:58:10,00:38:11:18,"All right. So it, it pretty hard to move that trail because the hill was deep rocky and we thought we carried Beaver Dam out."
Frank Herzog:,00:38:11:20,00:38:18:12,Right there. That dam I know it's worth two.
Frank Herzog:,00:38:18:14,00:38:40:23,We got in that or at all out. And lake more than build up. Yeah. Right. Yeah. For very. I hope you get out there and bask a stake in the roof over here.
Sam Schrager:,00:38:40:26,00:38:43:29,And the boys do.
Frank Herzog:,00:38:44:01,00:39:01:06,"It like it. Then nobody said. Yeah, that up again. But it up."
Frank Herzog:,00:39:01:08,00:39:11:21,And.
Sam Schrager:,00:39:11:24,00:39:16:26,What about Cougar? Frank? You run into them at all.
Frank Herzog:,00:39:16:28,00:39:50:18,"You know, I've been around. Was I cried a lot. I was working in the woods, and. But in the early days, there was. Very few Hoover and. It would be for a lot of good for taking."
Frank Herzog:,00:39:50:21,00:40:10:17,"You know, was quite a few people around. And how. They run there and."
Frank Herzog:,00:40:10:20,00:40:26:17,"Oh. Used to trap Lake with quite a lot of. And then and, I don't think there's one."
Frank Herzog:,00:40:26:20,00:40:36:24,"Every once in a while, we get one or big Lake in a bear trap."
Frank Herzog:,00:40:36:26,00:40:39:04,And.
Frank Herzog:,00:40:39:06,00:40:50:01,"We didn't want to come there for her. Was, the money? Is it? So with the lake would be broke?"
Frank Herzog:,00:40:50:04,00:41:18:15,"You only had a 14 steak and fed with her neck and pinned them down and killed his job, and then they got money. Go. Get the jacket and just the tendons and hide the whole, you know."
Sam Schrager:,00:41:18:17,00:41:29:19,Did you ever catch any of those ones again? The ones you cut one leg off later? No.
Frank Herzog:,00:41:29:22,00:41:34:28,I don't know what they did know.
Frank Herzog:,00:41:35:01,00:41:54:00,It 41. Know I have. I have got several coils and one I draw for.
Frank Herzog:,00:41:54:03,00:42:02:02,So I don't feel I like to.
Sam Schrager:,00:42:02:05,00:42:10:12,You think there's more game now than there was in there? Was it or less?
Frank Herzog:,00:42:10:15,00:42:29:20,"Well, a lot more elbow deer. I don't know what. In fact, then what they tell. There was a few deer scattered around, but now is."
Frank Herzog:,00:42:29:23,00:42:39:24,"A few years ago, you lot the deer around here."
Frank Herzog:,00:42:39:27,00:42:46:26,Are winter and coyote.
Frank Herzog:,00:42:46:28,00:43:03:15,"Here is the idea. A coyote and the thing that we have on in the winter time. Except in this country, except in game."
Frank Herzog:,00:43:03:23,00:43:31:14,"what game is the bird and. Pheasant. Grouse and deer? No. Rabbit. I mean, in red. There was lots of rabbit. They were gray from red with. They're killing deer in the winter. I thought they live in that."
Frank Herzog:,00:43:31:16,00:44:06:25,"You take in that deep snow, especially if there's a little crust on. And they get there and you roll through the crust, and then you cut. You know, if I didn't grow it down and then chew his arms out while he's still alive and then go and do the same thing, you know. killed several deer drug with them down into the road with their hands down."
Frank Herzog:,00:44:06:28,00:44:14:01,"You know, you can't poison them."
Frank Herzog:,00:44:14:04,00:45:05:19,"Or put a bounty on. It they go and put a bounty on them while I grew up. Trap myself. Back in the summertime. You know, this winter. Trapping without a bait. It's kind of tough. In fact, it's snowed in and frozen and. Everything. Yeah. In the summertime, I. Make crispy bacon for a while. For. The water."
Sam Schrager:,00:45:05:21,00:45:24:13,"These guys that, they use house hunting with that is mostly for sport. Or they probably. I mean, they didn't get, like, the quality that you could get trapping crazy with hounds."
Frank Herzog:,00:45:24:16,00:45:28:20,"And, they don't seem to be."
Frank Herzog:,00:45:28:23,00:45:58:02,"So thick that the roots are more foxy in round. but they can get where the hounds would run and one and, and they could shoot it. And go over and take out you. I don't think you can't hurt."
Frank Herzog:,00:45:59:08,00:46:07:26,"you. A year or so ago, the federal outfit that head hounds down there, Prince."
Frank Herzog:,00:46:07:28,00:46:19:11,"And with the chasing coyotes. But I know that they didn't have much success but a while, and. Yeah."
Sam Schrager:,00:46:19:13,00:46:24:14,"Did you do that when you were when you were traveling? Did you use hounds, too?"
Frank Herzog:,00:46:24:16,00:46:28:08,"I mean, they referred."
Sam Schrager:,00:46:28:10,00:46:33:25,Where do you. Where did your father pick it up? The trapping. You know how he learned?
Frank Herzog:,00:46:33:25,00:46:40:26,It started out in Pennsylvania.
Frank Herzog:,00:46:40:28,00:46:53:01,And run track. And then when?
Frank Herzog:,00:46:53:03,00:47:18:26,And then it came out here and.
Frank Herzog:,00:47:18:28,00:47:50:09,"Here. this is getting to be quite a few wildcat around here now. And, you know, I don't know for sure, but I believe that the late kill the wildcat because the Rocky. You know, we got the wildcat and the track and line."
Frank Herzog:,00:47:50:11,00:47:55:13,"And Coon was a son of a from in this country. And,"
Unknown,00:47:55:16,00:48:07:10,"I know, I know."
Unknown,00:48:07:12,00:48:08:04,Well.
Sam Schrager:,00:48:08:07,00:48:18:12,"Would you say that your father, he was one of the main trappers in this country when he was here."
Frank Herzog:,00:48:18:14,00:48:52:01,"Well. I guess so. And but he didn't. Just make a business draft. He bought and bought some. You know. An environment. Or if in the winter time or not, much to do on the farm. But we try."
Frank Herzog:,00:48:52:03,00:49:11:04,I don't I don't know anybody with in this country that just made a business trip that.
Sam Schrager:,00:49:11:06,00:49:19:10,We would you quit it. And when a spring come along. We.
Frank Herzog:,00:49:19:13,00:49:41:01,And for the fur got no good. Yeah. I reckon you cat bring to bear when they come out.
Sam Schrager:,00:49:41:03,00:49:55:17,"I've heard that you're that your father was, pretty tough guy. That he's a strong guy."
Frank Herzog:,00:49:55:19,00:50:00:18,"Yeah, and big man and."
Frank Herzog:,00:50:00:20,00:50:06:25,Hard worker.
Frank Herzog:,00:50:06:27,00:50:11:12,And.
Frank Herzog:,00:50:11:14,00:50:29:03,Take anything off anybody going around looking for trouble?
Frank Herzog:,00:50:29:05,00:50:31:07,Yeah.
Sam Schrager:,00:50:31:09,00:50:40:19,Somebody mentioned to me that I think maybe it was Glenn mentioned here that he. He cut his tail off.
Frank Herzog:,00:50:40:21,00:50:41:27,Kind of. What?
Sam Schrager:,00:50:41:29,00:50:43:11,He cut his toe off.
Frank Herzog:,00:50:43:13,00:51:36:21,"So we were up here on the farm registration. Oh. Trees and brush and start to clear up land. You know, over bird. ax riots and tried to throw one, two. And he took it. He was not dead. He put it back. And what? The word. It's a bone steak, you know, that bothered. So my brother down to the house after a pair of these side cut and wire clippers, you know, and he brought it back, and he took that and cut that bone or clipped that bone off, so it went stick up."
Frank Herzog:,00:51:36:23,00:51:41:18,But he still.
Frank Herzog:,00:51:41:20,00:51:46:29,He.
Frank Herzog:,00:51:47:01,00:51:57:28,Knew the way.
Frank Herzog:,00:51:58:00,00:52:18:21,I right. There. And. I thought I really hit that bone he never can't borrow. And then for future fires and yank it out. And then he ended up.
Unknown,00:52:27:20,00:52:28:12,"Oh, no."
Frank Herzog:,00:52:28:12,00:52:31:19,One fell from something like that. And you didn't run.
Sam Schrager:,00:52:31:19,00:52:46:20,To the doc?
Sam Schrager:,00:52:46:23,00:52:51:19,"Where was your place? Where you live, then?"
Frank Herzog:,00:52:51:21,00:52:53:13,You've been up the road here.
Sam Schrager:,00:52:53:14,00:52:55:28,"Yeah, yeah. You know, here."
Frank Herzog:,00:52:56:00,00:53:21:24,"You know, there's a barn sits right on the lower side of the road. Yeah. Go over the hill. I rebuilt that barn. Now you can think in. And I put two shakes on this side. Oh, here. but it still doesn't make."
Unknown,00:53:21:26,00:53:23:28,"And my brother and I, all of."
Frank Herzog:,00:53:23:28,00:53:29:05,Those fake medical.
Frank Herzog:,00:53:29:08,00:53:30:05,Oil and coal.
Frank Herzog:,00:53:30:06,00:53:34:02,City girl. You know.
Frank Herzog:,00:53:34:04,00:53:49:01,"And we figure there now. What? Oh, great. Big feet."
Frank Herzog:,00:53:49:17,00:54:13:05,"House stood on the upper side of the road and long path you built. When we come, you belong. You. Oh. I did right. So you know. Going to have them."
Sam Schrager:,00:54:13:08,00:54:18:26,"When? When we did, he come out here?"
Frank Herzog:,00:54:19:03,00:54:28:24,"William and Bruce, 19 100."
Unknown,00:54:29:04,00:54:40:22,family by you.
Frank Herzog:,00:54:40:24,00:54:48:11,"You know, and then gave us ownership a."
Frank Herzog:,00:54:48:13,00:55:05:15,Year and a half or two years old from. born in Pennsylvania.
Sam Schrager:,00:55:05:17,00:55:12:26,"They he know about this place from back there, or did he just find it? When? You know what? Here."
Frank Herzog:,00:55:12:28,00:55:41:10,"Well, he came out the year. The year before we moved out. Came out here and he worked in the hayfields up here. And. It was having rheumatism real bad. And I just loved this store named the James Farmer."
Frank Herzog:,00:55:44:05,00:56:30:08,So you came out here in a look around the year before and. And work in the hay for you and. You had the feeling real good. And we decided to be right back and and make every move that.
Frank Herzog:,00:56:30:10,00:56:44:08,"You know, when we came here, the. No. Harm. No part. I nor any."
Frank Herzog:,00:56:44:09,00:56:47:13,Room.
Frank Herzog:,00:56:47:16,00:57:15:12,At all. County road. Dirt.
Frank Herzog:,00:57:15:14,00:57:46:01,"A trip. More than ten foot and singular. The hoof and a cane wagon and. Was a flour mill. And, And run the water. If they said the ground. We'd get a couple barrels of flour."
Frank Herzog:,00:57:46:04,00:57:55:28,You can feed.
Frank Herzog:,00:57:56:01,00:58:10:01,The $2 or $2 and a half or 100 pounds of flour.
Frank Herzog:,00:58:10:03,00:58:21:16,"Very. To be put in cotton thatch, you know, and. And then 250 pound bags in a good."
Sam Schrager:,00:58:21:19,00:58:32:22,We you grow and we to at the time and on your place. Did you have any wheat to take down there.
Frank Herzog:,00:58:32:25,00:59:16:12,"No. Not nothin. They moved the hay and cattle. At that time was very little grain ready? Yes. Right. Around heavy. The timber. Then go over hay. You've got to do with the many horses. And they can't train horses. No, Logan can you tell the hay?"
Frank Herzog:,00:59:16:14,00:59:43:08,Grain sheep. We at that time the farmers got $0.50 a bushel for the wheat they got they getting a big price.
Sam Schrager:,00:59:43:11,00:59:55:05,"For the. You. You grew up right by Glenn, right by Glenn Gilder. That right. And that's where Glenn Miller grew up, too, right? Right. Neighbor too, you know."
Frank Herzog:,00:59:55:12,01:00:16:14,"Right there in. The one over on the hill, there was."
Sam Schrager:,01:00:16:17,01:00:23:24,You think your father had to work real hard to get by here? In them early days?
Frank Herzog:,01:00:23:26,01:00:38:26,Everybody did home to him and all the rest.
Frank Herzog:,01:00:38:28,01:00:46:18,He worked out in the logging camps and here. And.
Frank Herzog:,01:00:46:20,01:00:52:29,Ten hours a day.
Frank Herzog:,01:00:53:01,01:01:13:00,"I am not sure now or the week before. I know he was, you know, a dollar and a few dollars a day."
Frank Herzog:,01:01:13:03,01:01:30:22,You real good with that? Friday. You shoot 2000. Shoot.
Frank Herzog:,01:01:30:24,01:01:36:04,And then you did timber for barn.
Frank Herzog:,01:01:36:06,01:01:45:12,You buy.
Frank Herzog:,01:01:45:25,01:02:04:01,"I mean, they got there was done that in two and a half days. Then. But the. Starting in the eight hours and."
Frank Herzog:,01:02:04:03,01:02:15:16,And both houses. Around here. And these old go. I told you about them over in camped before a did about
Sam Schrager:,01:02:15:18,01:02:24:27,He told me a little bit about them. He said they're a pretty lousy. Yeah.
Frank Herzog:,01:02:24:29,01:02:46:25,"Just a big log shack. You're a big stove in the middle of the shack? No, for them. Pile of straw to sleep on."
Frank Herzog:,01:02:46:27,01:02:54:17,"Broke my dad. He didn't, did it? And then. Yeah, he. He got back and forth home."
Unknown,01:02:54:17,01:03:14:16,And go to work.
Frank Herzog:,01:03:14:18,01:03:15:02,You know.
Sam Schrager:,01:03:15:09,01:03:37:07,"I heard about those camps in the Midwest, Minnesota, Wisconsin being really tough places where, you know, guys, you get drink in and they fight and to get knocked down and get it with the other guy, give it to him was cop boots, you know, was there bunch of that around here?"
Frank Herzog:,01:03:37:10,01:03:50:08,Not too much. They didn't. Know most of that was down in town. That the saloons.
Frank Herzog:,01:03:50:11,01:04:00:09,"Okay, then. so much trouble. I think. Too much work and too tired. Good."
Frank Herzog:,01:04:00:11,01:04:02:24,And.
Frank Herzog:,01:04:02:27,01:04:10:24,Do that kind of stuff.
Frank Herzog:,01:04:11:06,01:04:22:17,yet in town and boy. And then it was a lot of stuff going on.
Frank Herzog:,01:04:22:29,01:04:27:27,I've even seen that.
Frank Herzog:,01:04:29:00,01:04:57:04,and. Right in. 23. 24 and that and khaki up. Yeah. They used to be a wild place.
Sam Schrager:,01:04:57:07,01:05:05:16,"I've heard they didn't get. They did, have prohibition there. Just about in Clark. Yeah."
Frank Herzog:,01:05:05:18,01:05:19:08,That's right. Wide open. That was it. Seven moonshine right over the counter.
Frank Herzog:,01:05:19:11,01:05:34:27,In the barn. And it.
Frank Herzog:,01:05:34:29,01:05:52:04,Yeah. Every weekend. And I come into one of those camps is the the girl from fight. the five.
Sam Schrager:,01:05:52:07,01:05:58:25,Would a fight be over anything or just over being drunk?
Frank Herzog:,01:05:58:27,01:06:12:03,"Would get no arguments. And then at one end up in the fight. And some, I did go around lock up for."
Frank Herzog:,01:06:12:06,01:06:25:23,Him. Which is the best man.
Frank Herzog:,01:06:25:25,01:06:37:10,On the beat. But I think the best man in the country. The name with out.
Frank Herzog:,01:06:37:12,01:06:57:28,Any crime? He went and spoke and cleaned up all the pubs and program to the back alley.
Sam Schrager:,01:06:58:01,01:07:09:04,Did you think he fought much around here? Did he have to fight to prove it then? He was tough.
Frank Herzog:,01:07:09:06,01:07:22:23,"But much of it around here from, you know, they never dry up in here. No, no, I don't like that."
Frank Herzog:,01:07:22:25,01:07:41:10,"Little court thing. In the early days, when the saloon fields opened, I think he had 3 or 4 rooms and prints removed from the fighting. Go on. Down there."
Sam Schrager:,01:07:41:13,01:07:43:22,Yeah. Did you know where's this was?
Frank Herzog:,01:07:43:22,01:07:58:18,Down there. I see animals never around for a. Brother. I knew him well. He told me a lot about.
Frank Herzog:,01:07:58:29,01:08:08:28,never acquainted with.
Sam Schrager:,01:08:09:01,01:08:15:21,Your brother for he. You brought a fight. He was really the toughest man in the country down there.
Frank Herzog:,01:08:15:22,01:08:25:21,"Yeah, I mean, then."
Sam Schrager:,01:08:25:23,01:08:31:07,"What I how a guy gets a reputation like that, he must clean up on quite a few. He did it,"
Frank Herzog:,01:08:31:09,01:08:31:22,Yeah.
Frank Herzog:,01:08:32:26,01:08:37:23,and.
Frank Herzog:,01:08:37:25,01:09:11:18,"You know, it's just like it was at that time in Spokane that they'd hear the the guy in town that thought he was a little better than some other bird boy. They go and look him up. You know, knock on Trent in the back alley and then go back and have it out."
Frank Herzog:,01:09:11:21,01:09:40:12,"Right. You know, like, I was working up there and they came between. Ball one clerk and number two guys come in there to work and be in the same bunkhouse. And that was tavern. I don't remember where that from, but they tell us how bad that damn place was and no excitement or anything."
Frank Herzog:,01:09:40:15,01:10:13:03,"I just let them talk for a little while and I says, well, I'll tell you guys, if you're looking for excitement, I said, to trouble I didn't you didn't go down to Clark Saturday night, says, and very far. I said, you probably find anything you want down there. By God, we went in there. So they did. They come out back Sunday, November."
Frank Herzog:,01:10:13:03,01:10:30:23,They'll be looking out for. That guys. And they they all got out. I didn't hear any more of that.
Frank Herzog:,01:10:30:26,01:10:35:23,"And yeah, it got me."
Sam Schrager:,01:10:35:25,01:10:41:21,"Did they, did they, talk to you about it with you? They talk about what happened to."
Frank Herzog:,01:10:41:24,01:10:58:19,"You know, that they didn't never no more said about it."
Sam Schrager:,01:10:58:21,01:11:04:17,I imagine there must have been. At least one good whorehouse up there. Clark.
Frank Herzog:,01:11:04:18,01:11:12:24,"To to,"
Frank Herzog:,01:11:12:26,01:11:21:26,"To,"
Frank Herzog:,01:11:21:28,01:11:41:14,"One on each side. The main street that went up and burnt down. Had a pretty big hotel on that. And say, did you cross the track and go?"
Frank Herzog:,01:11:42:11,01:11:51:00,"but,"
Sam Schrager:,01:11:51:02,01:12:02:01,"What about, Now, I've heard that there wasn't much drinking in the cans."
Frank Herzog:,01:12:02:04,01:12:10:11,"No, no."
Frank Herzog:,01:12:10:14,01:12:22:29,"Right. I remember so much of it. No. No, you can't load up on that stuff. And more work. You don't feel like it."
Frank Herzog:,01:12:37:20,01:13:01:01,We thought of more drinking in the evening after work around the sawmill from on the road from north.
Frank Herzog:,01:13:01:03,01:13:11:19,Court. And I thought that was a town. And all we got to do. You can go in a liquor store.
Frank Herzog:,01:13:11:22,01:13:21:25,And.
Sam Schrager:,01:13:21:27,01:13:33:14,You ever a Dick Ferrell? The guy that called lumberjack preacher. was he ever there when used in the woods?
Frank Herzog:,01:13:33:18,01:13:44:05,"Yeah, I remember one happened to be in the camp that he come in to, but."
Frank Herzog:,01:13:44:21,01:13:50:06,"no, I was."
Frank Herzog:,01:13:50:08,01:14:11:08,"More of the brewery in the early days. along the quarter lane and. And I didn't know for sure, but I think I've, I've heard my brother speak about, you know, their name from. And the farm."
Frank Herzog:,01:14:11:10,01:14:14:22,But I never did.
Sam Schrager:,01:14:14:25,01:14:18:02,"It. Did you ever know that,"
Frank Herzog:,01:14:18:04,01:14:30:05,That lone old Pat Malone? Yeah. Big old fat. From that.
Frank Herzog:,01:14:30:08,01:14:37:10,Both the big cop of the mobile and.
Frank Herzog:,01:14:37:13,01:14:56:27,But Jesse was not have any.
Unknown,01:14:57:00,01:14:58:12,I knew a lot about.
Frank Herzog:,01:14:58:13,01:15:28:29,Old timer fucker.
Sam Schrager:,01:15:29:25,01:16:00:16,"people remember bad about how, you know, people remember all the drinking used to do. And it's trying to track down finding clues to track down, cases, never catching anybody. They say that, Pat. You know, he could track and and all of that before for the snow."
Sam Schrager:,01:16:00:18,01:16:11:00,Yeah.
Frank Herzog:,01:16:11:14,01:16:21:17,"I don't know quite a lot. And I never didn't know all. Pat, had an. Anybody ever write that in my."
Frank Herzog:,01:16:21:19,01:16:29:19,"Book and, my."
Frank Herzog:,01:16:29:22,01:16:46:07,"He could drink, get that much moonshine. And the rest of you could."
Frank Herzog:,01:16:46:14,01:16:58:10,"I worked in one camp, but 1919 is down from Helmer towards the large river. There."
Frank Herzog:,01:16:58:17,01:17:10:25,"one day is a. Coke in the front is, Oh, God. Drunk and quit."
Frank Herzog:,01:17:11:15,01:17:53:11,"read suspension. Something that they must have made it themselves. I'm fine. I found out all right. And here, four barrels of wine. And they have. All of you of heaven knows in the camp. And. And he was locked up so he couldn't get in there. But we went to the back shop and. And got a his camp rail cars."
Frank Herzog:,01:17:53:11,01:18:17:01,"You know, they didn't make a signing and run the cars in and whole bunch, you know, bunk out and cookout. And so we went back out and got, over and did ready for bed. I went down underneath that."
Frank Herzog:,01:18:17:09,01:18:24:19,Coke house. And got in bore and holes through.
Frank Herzog:,01:18:26:00,01:18:33:19,Do you four guys there with the water buckets? about had that. Yeah.
Frank Herzog:,01:18:33:21,01:18:37:28,We got quite a lot of one. We hit one. Barrow.
Frank Herzog:,01:18:38:01,01:18:44:23,Yeah.
Frank Herzog:,01:18:44:25,01:19:00:27,"Man. Made out of reasons. some of them drank. Some of them made them sick. I don't know, didn't of that stuff. I drink much of it."
Sam Schrager:,01:19:00:29,01:19:26:12,"What do you do with no cook, cook or flunkies? What do we can't do without that? To get somebody else in real fast? Yeah."
Sam Schrager:,01:19:26:14,01:19:33:05,Was there were you handling anything else? When you there and watch game one poker and.
Frank Herzog:,01:19:33:08,01:19:57:06,"Oh, yeah, I. In that camp, there was quite a lot of them in here. The depot. And then in 1919 and there were several guys, 4 or 5 teams and making good money."
Frank Herzog:,01:19:57:09,01:20:36:07,They had a pretty good poker game. They made.
Frank Herzog:,01:20:36:09,01:20:36:28,Using a.
Sam Schrager:,01:20:36:28,01:20:40:17,"Jimbo. And did much, much,"
Frank Herzog:,01:20:43:25,01:20:49:15,"Oh, well."
Sam Schrager:,01:20:49:18,01:20:55:08,Never about Joe.
Frank Herzog:,01:20:55:10,01:21:04:28,Oh.
Frank Herzog:,01:21:05:01,01:21:10:09,"I don't know, he."
Frank Herzog:,01:21:10:12,01:21:32:27,"Took. I would never around even very much that he was. I am a nice old fella, you know. And."
Frank Herzog:,01:21:33:00,01:21:46:16,"I worked in one of the camps for his son or, Chuck Ward. There. And? And one thing happened. The."
Frank Herzog:,01:21:47:07,01:22:18:12,"I'm with a guy, and, And I put all. Chuck. What else? Right side of him. They and that that the table. See, This guy, ask him that pass from thing, you know, and he says, I wouldn't pass nothing to the nigger. He says."
Frank Herzog:,01:22:18:15,01:22:47:12,"Well, old truck, he didn't say nothing but some other guy sitting back there. He got it and give it to me. but when I was over, when I got through. Eat. No, Chuck. He left before this guy did outside of the bunkhouse, and he went out of the cookhouse and stood there and waited for him to come out."
Frank Herzog:,01:22:47:14,01:22:50:13,"And then he'd come out. They, you know."
Frank Herzog:,01:22:50:15,01:22:58:08,Tell me. Okay.
Frank Herzog:,01:22:58:11,01:23:21:22,"And that tickled everybody in camp because they're like an eight year old. Old Joe, while the. when he died, I think he had the biggest funeral I ever had. And there."
Frank Herzog:,01:23:33:24,01:24:06:01,"I was I never I don't know too much about him because I, I never lived in Jerry, but he did work and all that. And they came."
Sam Schrager:,01:24:06:03,01:24:11:06,And that's a good story about Chuck. But I never heard that before.
Frank Herzog:,01:24:11:07,01:24:13:05,She.
Sam Schrager:,01:24:13:08,01:24:16:06,I've heard he was a pretty tough guy. Chuck.
Frank Herzog:,01:24:16:19,01:25:00:13,"oh. Yeah, I don't know at that time. I know of him getting in trouble, but it's, funny. Tell him I know he might have been in those and kind. But he was a nice guy. You know where you can find that? Well, that dried, It might have been a that, you know, all Southerners had a neighbor."
Sam Schrager:,01:25:00:15,01:25:05:06,"You, You didn't think too much Big Gil, did you?"
Frank Herzog:,01:25:05:16,01:25:06:09,for.
Sam Schrager:,01:25:06:11,01:25:09:20,Big Gil as a foreman.
Frank Herzog:,01:25:09:23,01:25:19:21,"Or. Or. Yale was right. Oh, I don't know why, but make you think."
Sam Schrager:,01:25:19:23,01:25:25:27,"Because I thought when we talk the other time he said something, he was a coward."
Frank Herzog:,01:25:25:29,01:25:53:13,"We have. And that didn't hurt you. You know, for him, he's a good foreman. And, you know, I'll tell you one thing about, Gil, they had, a higher on there and I don't know, but, Because the High line and the trolley run and another line, he."
Frank Herzog:,01:25:53:16,01:26:23:22,"Had some other. And I didn't know nothing to do, was it? I was just getting what the team. I wanted to get that trolley up on the hill. I don't know why, but it was three big three. There. Athlon around with it, trying to get it up there. Oh, Gil Pippen him off. Go over there and pick it up and carried it up the hill."
Frank Herzog:,01:26:24:05,01:26:31:17,no more these 350 pound.
Frank Herzog:,01:26:31:28,01:26:44:09,"he'd take a Peavy pick it up more than hand, spin it around soffit and a log and break the handle. Right, I love it. The one hand."
Frank Herzog:,01:26:44:12,01:26:46:26,That's.
Sam Schrager:,01:26:46:29,01:26:53:00,"Where? In what way was a what way was he, a coward then."
Frank Herzog:,01:26:53:02,01:27:06:07,"You know, he and the green and another guy got a little guy got. No, no. You know, a little guy chased him out of the woods."
Frank Herzog:,01:27:07:21,01:27:11:06,"I didn't see it, but I heard it said Rudolph."
Frank Herzog:,01:27:12:18,01:27:14:16,You wouldn't buy.
Sam Schrager:,01:27:14:18,01:27:20:06,"You wouldn't have five, but he'd carry a 350 pound up the hill."
Frank Herzog:,01:27:20:09,01:27:31:13,"Yeah, and pull up. Make the hand one hand."
Sam Schrager:,01:27:31:15,01:27:33:19,"Gee, that's funny."
Frank Herzog:,01:27:33:22,01:27:36:22,That.
Sam Schrager:,01:27:36:24,01:27:41:09,I heard he didn't talk. Hardly. He was really a quiet man.
Frank Herzog:,01:27:41:12,01:28:03:05,Yeah. Never had much to say. Yeah. Walk around little.
Frank Herzog:,01:28:03:07,01:28:23:06,You only had one. I. I don't know how it was designed. Maybe that you knew you and you.
Sam Schrager:,01:28:23:08,01:28:34:08,How did that accident happened to you? In the. In the woods? How did that accident happened to you in the woods?
Frank Herzog:,01:28:34:11,01:28:49:10,"Me? Yeah. How? Who can. On a double jammer, double drum jammer?"
Frank Herzog:,01:28:49:12,01:28:54:10,Who did you know? And.
Frank Herzog:,01:28:54:12,01:29:29:03,"I guess. Turn it off. Got a whole bunch of logs piled up and then stopped, and then it's going to change the lines and go to jammer and run and make it a big racket every day. And they were then scared. And I do stand up a tree thepublic hit it and then from there, the, damn thing fell and and I didn't hear nobody."
Frank Herzog:,01:29:29:03,01:29:42:28,"Ernie. I had my back to it. It didn't make. No, no, I. You know, and I had."
Frank Herzog:,01:29:43:01,01:29:44:26,One of those thing.
Frank Herzog:,01:29:47:10,01:30:06:19,"Caution. And, jammer was still around, and, I didn't. And making a noise at the trade and make no noise and. no warning."
Sam Schrager:,01:30:06:21,01:30:10:05,It knocked the unconscious.
Frank Herzog:,01:30:10:07,01:30:30:00,"Not quite. At all. Almost. And, pulled out my mouth. Nose."
Frank Herzog:,01:30:30:02,01:30:58:28,"Cracked my head. Tore my back. Yeah. It hit me hard enough to bust one ankle. I had to put that knee care, and nothing touched my ankle."
Sam Schrager:,01:30:59:01,01:31:05:10,"Did you back take a long time, too? Did you break your back with that?"
Frank Herzog:,01:31:05:13,01:31:05:21,No.
Frank Herzog:,01:31:05:28,01:31:13:08,On in your did. And I don't know what it.
Frank Herzog:,01:31:13:10,01:31:22:15,Broke in.
Frank Herzog:,01:31:22:18,01:31:49:08,"Yeah. Jaw together. You know, like my neck too. Here, next to my shoulder. And then you get older. Then it showed up."
Sam Schrager:,01:31:49:11,01:31:59:29,"Who you think? You think Frank did that? That happened to a lot of guys in the woods. I mean, they got injuries that hurt him later."
Frank Herzog:,01:32:00:04,01:32:33:07,"Oh, yeah? And get banged up, and that's. It'll show up later on that they get older every time."
Sam Schrager:,01:32:33:10,01:32:41:20,"How long did you. Did you work in the woods around, deary in that area?"
Frank Herzog:,01:32:41:20,01:32:44:16,"Well,"
Frank Herzog:,01:32:44:19,01:32:47:27,Yeah.
Frank Herzog:,01:32:49:29,01:33:00:26,"Well, I don't know, 1917. But."
Frank Herzog:,01:33:00:28,01:33:25:29,"Prior to burn, I put in a round called Phil. I work in Woods Farm, the vineyard, for several years, and then they came back down here, went to work."
Frank Herzog:,01:33:26:02,01:33:34:03,I got woods and and.
Frank Herzog:,01:33:34:05,01:33:59:06,"My job there were. You know what? The concert. Rhode Island 65. I, I still work for another 65. I signed up for Social Security and. part of the time, I didn't get any because I made too much money."
Frank Herzog:,01:33:59:09,01:34:11:15,"Yeah. Well, that's been ten years ago."
Frank Herzog:,01:34:11:18,01:34:38:02,"I quit then my back was starting to bother bottom and, crossroads PA, at the time, I was making poles, and you raised over a human, bar call from Poland, you know, and it got to get in my bag. So I just quit and."
Frank Herzog:,01:34:38:04,01:35:02:16,"But another guy, I know that that we went walking on our own and, bought a little piece of timber from the state. Yeah. The care. We had to make the poles. And that and have the logs and."
Frank Herzog:,01:35:02:18,01:35:07:16,"I don't know if I have to staple five or not. You know, you go down."
Frank Herzog:,01:35:07:16,01:35:08:00,The post.
Frank Herzog:,01:35:08:00,01:35:08:29,Down.
Sam Schrager:,01:35:09:01,01:35:09:20,"Five, I."
Frank Herzog:,01:35:09:22,01:35:20:14,Five.
Frank Herzog:,01:35:20:29,01:35:33:16,"we manage about $50 a day walking up the, the,"
Frank Herzog:,01:35:33:19,01:35:43:07,I was doing for not what?
Frank Herzog:,01:35:47:01,01:35:57:01,"I the chainsaw, is."
Frank Herzog:,01:35:57:03,01:36:19:07,"Got rid of a lot of hard work of chainsaw from the prison at all. Cross cut, and a lot of them. A whole lot."
Frank Herzog:,01:36:19:10,01:36:31:28,Murders. Can't log and it it ruin. And the current. It.
Frank Herzog:,01:36:32:00,01:36:49:01,"And then all good horses. What they did to her then? Yeah. The young stuff. Oh, I mean, those skin trails. In hurt are very near Mosher. Very."
Frank Herzog:,01:36:49:04,01:37:21:09,At low and long tree line. And they just take everything. Hope. Get a winch on the tree and everything comes in front of it.
Sam Schrager:,01:37:21:12,01:37:55:00,"Do you ever hear the story about, Mr. Kingman? I don't know which Kingman it was, but that was when Potlatch was first logging, and they they decked their logs on its place, and he made him pay for using this place. Do you ever hear that story? Before he let him take the logs off? Off in the place he said."
Sam Schrager:,01:37:55:03,01:38:01:15,You're going to have to pay me. No.
Frank Herzog:,01:38:01:17,01:38:02:21,Who was it?
Sam Schrager:,01:38:02:23,01:38:04:02,Give me.
Frank Herzog:,01:38:04:04,01:38:07:22,Oh.
Sam Schrager:,01:38:07:24,01:38:11:23,This is when they first started logging in there.
Frank Herzog:,01:38:11:25,01:38:15:04,"It could happen. That. Oh, that was old man."
Sam Schrager:,01:38:15:09,01:38:21:13,Yeah.
Frank Herzog:,01:38:22:04,01:38:55:08,"I never heard anything about it, but I did know the. He made them boom. riverbank up there when they were driving. He kept the logs. Turn the banks. The."
Sam Schrager:,01:38:55:10,01:39:22:16,"You remember that? That family. Oh, we were talking before it was, mentioned that family. It was, oh. There were family where the the mother was sort of crazy in there. And so they kept to themselves shops? Yeah. Yeah."
Sam Schrager:,01:39:22:19,01:39:23:15,But they the.
Frank Herzog:,01:39:23:16,01:39:31:01,Whole family to little bit of.
Frank Herzog:,01:39:31:04,01:39:48:21,Yeah. They lived back up in the jungles here and.
Frank Herzog:,01:40:02:07,01:40:24:17,"it seems it they done a lot of trapping in the winter time. This young boys. Oh. Did, Only all that time they did out there was."
Frank Herzog:,01:40:24:20,01:40:42:22,"Oh, I don't know what you'd call it. A lot of self-consciousness or something. Yeah, you couldn't name it hard to talk. And no one you couldn't name getting to look at you."
Frank Herzog:,01:40:42:24,01:41:06:22,"Know the time they went out more to the. I know of a couple of, work from a brother in law. And, hey, if you."
Sam Schrager:,01:41:06:24,01:41:16:08,"Or you think it it was them. It was the way they felt. More than the way that, that the people felt about them. Yeah."
Frank Herzog:,01:41:16:08,01:41:25:08,"Oh, yeah. People didn't bother them anything."
Frank Herzog:,01:41:25:11,01:41:33:15,They never bothered anybody. Better on that.
Frank Herzog:,01:41:33:18,01:41:37:19,Yeah. And.
Frank Herzog:,01:41:38:03,01:42:07:28,"but one Mathews out in the woods and it happened to me from that. And they see it. Come and eat. Run, hide!"
Sam Schrager:,01:42:08:00,01:42:17:25,They have with crazy people very much like their mother did. They just stayed at home and they didn't go to an asylum or something like that.
Frank Herzog:,01:42:17:27,01:42:35:03,"They, they they never bothered anybody or anything. So. I guess if nobody. Put in a holler full of."
Frank Herzog:,01:42:35:06,01:43:09:11,What would be a deer sending them to so. I look like somebody that's crazy. You violent or something like that? Wouldn't that boy.
Frank Herzog:,01:43:09:14,01:43:23:28,No. Just one. Nothing that would come to town and get the mail. but a few groceries. If he had the money.
Frank Herzog:,01:43:24:00,01:43:28:04,"Oh, they had,"
Frank Herzog:,01:43:28:07,01:43:33:12,Few cattle.
Frank Herzog:,01:43:33:15,01:43:45:16,And a very good guard up there.
Frank Herzog:,01:43:45:19,01:43:53:23,And and some track. And I guess that's the way they made their.
Frank Herzog:,01:44:07:14,01:44:29:25,You know what needed to be 95 years old?
Frank Herzog:,01:44:29:28,01:44:32:28,I.
Frank Herzog:,01:44:33:01,01:44:48:00,"Got,"
Sam Schrager:,01:44:48:03,01:45:08:08,"I was going to ask you to explain one thing that you said when I was up here before you said that corporations are ruining the country. I wonder how you mean it, that they're ruining it."
Frank Herzog:,01:45:08:11,01:45:33:19,"Well, they run, and they can't. You anything that they want the. Yeah. And big corporations are into everything."
Frank Herzog:,01:45:33:22,01:45:47:26,"Well, for it, take the big oil outfit today."
Frank Herzog:,01:45:47:28,01:45:48:15,They don't.
Frank Herzog:,01:45:48:15,01:45:49:18,Go.
Frank Herzog:,01:45:49:20,01:45:58:19,They're not only in the oil business. They're in everything. Yeah. And if they see. See a little something that.
Sam Schrager:,01:45:58:21,01:45:59:04,Might.
Frank Herzog:,01:45:59:04,01:46:02:12,Harm them in a way.
Sam Schrager:,01:46:02:15,01:46:07:13,Where they go and buy it.
Frank Herzog:,01:46:07:16,01:46:34:02,"It shouldn't be allowed to fly. this. Is shale, coal. In Wyoming and Montana. There's some other outfit. Mud. Yeah. Go right in and buy it off."
Frank Herzog:,01:46:34:04,01:46:47:26,"One other instance. Look, in California, when they had the street car, and all of that was in San Francisco, in a big city."
Frank Herzog:,01:46:47:29,01:47:05:29,What did they do then? Went in and bought the three cars and put in busses so they would use gas. Now look at the pollution. Make up.
Frank Herzog:,01:47:06:01,01:47:11:27,Yankee call that everyone comes.
Frank Herzog:,01:47:12:00,01:48:04:07,Them and automobile outfit early in the have. They're all in heaven and they get to run and things.
Sam Schrager:,01:48:04:09,01:48:23:29,What do you think of an outfit? Like. Like Potlatch. You think it like Potlatch helped the country more or hurt the country more?
Frank Herzog:,01:48:24:01,01:48:33:09,And they had jobs. Yeah. Might be reopened.
Sam Schrager:,01:48:33:11,01:48:40:14,"Well, the in the early days, they they brought a lot of jobs. Right."
Sam Schrager:,01:48:44:24,01:48:48:17,But they also wrecked a lot of country roads.
Frank Herzog:,01:48:48:17,01:48:57:21,Yeah.
Frank Herzog:,01:48:57:23,01:49:21:16,"Yeah. And I'll tell you another thing about the pipelines. They are more or less in a way around than the state. And, fire, timber and stuff go on, because."
Frank Herzog:,01:49:21:19,01:49:50:04,"Well. I'm like, I don't know what you. Have been up the road, up the post river and hoodoos. That road put in there. But the state and gravel. Chris Rock gets the pot. And I otherwise get in and then put in."
Frank Herzog:,01:49:51:02,01:50:12:06,another end in search of Helmer. They they put a good road in over across the Potlatch River and put in a big bridge and. And put on crushed rock.
Frank Herzog:,01:50:12:08,01:50:22:28,And that's where the pot lives on. oh. La la la. Going over there. Got the long shelf. Otherwise.
Frank Herzog:,01:50:23:00,01:50:43:06,"It's no over 1 or 2 farm. And over there, though, I mean, the bend, the road over there, that was all it was for. And you can see it around Lewiston, Greenville, down in that country. They're getting all the road money."
Frank Herzog:,01:50:43:08,01:50:59:02,For the pot. But it logs. Up around here and headquarters.
Frank Herzog:,01:50:59:05,01:51:11:17,Brooklyn Bridge Road.
Sam Schrager:,01:51:11:20,01:51:24:01,"When you were in the camps, did they talk about warehousing at all? In the early days?"
Frank Herzog:,01:51:24:18,01:51:26:15,No.
Sam Schrager:,01:51:26:17,01:51:36:20,"You know, the well warehouse or the guy that, that owns, where he used to own Potlatch."
Frank Herzog:,01:51:37:12,01:52:38:15,"they do. Yeah. No, no, but it might be a few of the Clark Fuller. They owned a big control interest in that."
Frank Herzog:,01:52:38:17,01:52:42:27,"And,"
Frank Herzog:,01:52:42:29,01:53:02:00,And forestry. I. I can understand then why they cut in all this second growth timber.
Frank Herzog:,01:53:02:03,01:53:08:17,Then move up from.
Frank Herzog:,01:53:09:15,01:53:15:12,I think.
Frank Herzog:,01:53:15:14,01:53:38:02,"I can't remember what year it was, but I was working for Arch Kim, and, You belong in the. Yeah, the job up on Big Creek and. We went up there, and I just marked the trees that we to cut. Did."
Frank Herzog:,01:53:38:05,01:54:00:12,"It was quite a job, he continued, going broke. Can't get on the lookout because. They left the most of it. And then a few years later, around the turn right around and cut the whole work."
Frank Herzog:,01:54:00:14,01:54:05:02,Mill and big.
Frank Herzog:,01:54:05:04,01:54:23:22,"Another three at that time. And we scanned up a tree from going through, I don't know, I had to fit and the lights can go out and tear everything down. And so I."
Frank Herzog:,01:54:23:24,01:54:40:06,"You know, by nuts getting a big, big outfit and do the same thing to know."
Sam Schrager:,01:54:40:08,01:55:00:05,"Did you see where, last year, I think it was that the police district said they'd have to use highly logging in some places, and they threw a fit, but I guess they didn't back down."
Frank Herzog:,01:55:00:07,01:55:33:22,"Yeah, they. But then. Yeah, the small part of. But now they've got it, so they'd have to do that. I read my paper and. what they did about the block, the whole work that way. But now they've gone down, so they just both belong a small part of it, that one."
Sam Schrager:,01:55:33:24,01:55:37:24,Did you used to do much fishing in these creeks?
Frank Herzog:,01:55:37:26,01:55:47:06,"Oh, yeah, they used to be lots of fish fishing."
Frank Herzog:,01:55:47:09,01:55:54:22,"The kids and, the kids, the grandkids and, fishing and and, from."
Unknown,01:55:54:22,01:56:02:16,The river down.
Frank Herzog:,01:56:02:18,01:56:40:13,"Near the Rio, early days. And before we come here, I've heard them tell about it. You could go down that river and and sit down, take a watch W instead of a fish. You didn't want whole."
Frank Herzog:,01:56:40:16,01:57:02:09,"No, you can hardly find that fish enough. You know, plant or. And then fit the. caught a bunch of them one year and tidy them. You know, you pretty much."
Frank Herzog:,01:57:02:11,01:57:25:19,"I used to go over the years, go back. Way back on my creek. Okay, so I've cut all that cool water. It was, you know, on the good deed, right? There's so much difference."
Frank Herzog:,01:57:25:22,01:57:44:08,But I've had it closed now for 2 or 3 years. And back in.
Sam Schrager:,01:57:44:10,01:57:56:10,You think there's anything that we can do about the corporations?
Frank Herzog:,01:58:00:19,01:58:39:15,"They let them get too big. Yeah, and to be a stock to them, buying up everything. Running out all the little dogs. It should be a stop to it."
Sam Schrager:,01:58:39:17,01:58:43:00,"Well, I agree with you 100%."
Frank Herzog:,01:58:43:02,01:58:48:27,Man.
Frank Herzog:,01:58:49:25,01:59:02:06,that's what I figured. One of the troubles of this country that. Just like farm and.
Frank Herzog:,01:59:02:08,01:59:09:28,You're getting to be all big farms. No one.
Frank Herzog:,01:59:10:00,01:59:38:01,"We're going to survive. Needs farms and. Then they claim they lose money on them. And and they don't. When they get that ordinary income tax, all kinds of schemes. There's too much crooked work going on in the country. Everything graph. crook."
Sam Schrager:,01:59:38:03,01:59:56:11,Yeah. Isn't it was the same the same way when you're. Yeah. No.